customer_id,signup_date,marketing_spend,visits,purchase_amount,segment,notes
33214727_c0001,2025-09-04,159.33,7,96.46,Consumer,
33214727_c0002,2025-05-22,43,4,,Enterprise,returned
33214727_c0003,27/01/2026,126.38,8,43.44,Enterprise,
33214727_c0004,2025-05-22,236.87,4,94.69,Consumer,N/A
33214727_c0005,2024-11-22,271.6,2,,Consumer,
33214727_c0006,2025-11-30,147.77,8,53.63,SMB,
33214727_c0007,"Jun 08, 2025",280.24,7,247.88,SMB,contacted
33214727_c0008,"Sep 21, 2024",25.64,1,58.31,SMB,contacted
33214727_c0009,2024-10-28,55.26,6,47.25,Consumer,
33214727_c0010,2026-01-05,285.48,5,165.67,Consumer,
33214727_c0011,13/12/2025,127.96,5,125.83,Consumer,
33214727_c0012,31/01/2025,93.03,6,26.34,Enterprise,
33214727_c0013,"Dec 07, 2025",250.12,4,169.2,Consumer,no response
33214727_c0014,"Oct 01, 2024",30.14,2,23.37,Consumer,
33214727_c0015,04/10/2025,70.9,6,5.57,SMB,
33214727_c0016,2025-11-20,29.81,1,34.58,SMB,
33214727_c0017,2025-06-24,166.87,7,90.38,Consumer,contacted
33214727_c0018,17/02/2025,37.37,2,140.33,Consumer,
33214727_c0019,10/06/2025,279.34,9,123.72,SMB,no response
33214727_c0020,2025-07-17,162.23,9,121.64,SMB,
33214727_c0021,"Oct 04, 2025",68.3,8,0,Consumer,contacted
33214727_c0022,2025-09-26,265.48,11,147.95,SMB,
33214727_c0023,2026-01-08,173,7,167.74,SMB,contacted
33214727_c0024,"Dec 30, 2025",3.34,3,0,SMB,returned
33214727_c0025,2025-02-08,4.21,4,,SMB,
33214727_c0026,2025-04-01,193.52,8,106.85,Consumer,
33214727_c0027,2025-02-24,217.82,6,132.19,SMB,
33214727_c0028,2025-09-19,22.74,6,14.15,Consumer,
33214727_c0029,2026-01-06,60.51,6,41.46,Consumer,contacted
33214727_c0030,2025-06-24,115.08,5,33.59,SMB,
33214727_c0031,2025-05-22,82.9,5,75.09,SMB,
33214727_c0032,"Dec 20, 2024",206.55,7,,Consumer,
33214727_c0033,2024-09-21,214.09,5,147.08,SMB,contacted
33214727_c0034,2025-09-11,59.54,3,0,Consumer,contacted
33214727_c0035,2024-10-25,0.09,4,25.63,Consumer,
33214727_c0036,2025-09-09,34.52,2,0,Consumer,
33214727_c0037,2024-10-08,82.28,6,117.14,Consumer,
33214727_c0038,01/10/2025,28.12,3,57.75,Consumer,
33214727_c0039,2025-08-11,62.01,2,23.24,SMB,
33214727_c0040,19/12/2024,12.95,6,27.27,SMB,
33214727_c0041,2025-12-08,237.49,10,,Consumer,
33214727_c0042,2025-10-06,239.46,6,127.17,Consumer,N/A
33214727_c0043,01/03/2025,137.9,7,83.36,SMB,
33214727_c0044,2025-09-25,138.62,4,151.47,SMB,returned
33214727_c0045,2025-05-19,111.48,5,0,SMB,no response
33214727_c0046,"Jun 21, 2025",238.08,4,139.29,Consumer,
33214727_c0047,21/11/2024,93.35,4,75.35,Enterprise,N/A
33214727_c0048,2025-01-11,185.91,9,,Enterprise,
33214727_c0049,2025-01-12,190.36,8,145.43,Consumer,
33214727_c0050,2025-01-29,190.35,5,,Consumer,
33214727_c0051,2025-10-17,6.77,4,153.95,Enterprise,returned
33214727_c0052,2024-10-19,31.17,6,0,Enterprise,
33214727_c0053,2025-01-20,195.25,7,89.78,Consumer,
33214727_c0054,25/12/2025,148.54,6,,Consumer,
33214727_c0055,2025-12-27,149.68,8,106.27,Consumer,
33214727_c0056,06/01/2025,107.31,5,70.47,Consumer,
33214727_c0057,26/11/2025,120.64,2,116.07,Consumer,N/A
33214727_c0058,2025-11-13,93.74,2,141.88,SMB,
33214727_c0059,,108.3,10,31.32,SMB,contacted
33214727_c0060,,121.94,6,16.52,SMB,
33214727_c0061,2024-10-11,240.72,11,127.23,Consumer,
33214727_c0062,2025-01-02,216.71,6,125.74,SMB,
33214727_c0063,26/07/2025,19.78,5,0,SMB,
33214727_c0064,07/06/2025,169.05,6,141.9,SMB,
33214727_c0065,2025-09-25,14.96,6,0,Consumer,
33214727_c0066,2025-09-14,156.11,6,,Consumer,no response
33214727_c0067,2025-10-27,48.63,7,33.05,Enterprise,
33214727_c0068,31/07/2025,110.13,1,34.8,SMB,contacted
33214727_c0069,,51.82,4,56.57,SMB,
33214727_c0070,2025-12-21,75.77,4,87.34,SMB,
33214727_c0071,2024-12-31,117.95,5,58.36,Consumer,
33214727_c0072,N/A,92.72,7,0,Consumer,contacted
33214727_c0073,2024-11-12,96.85,1,,SMB,
33214727_c0074,2025-05-16,19.6,3,0,SMB,
33214727_c0075,2025-10-21,113.91,6,119.89,Consumer,
33214727_c0076,2024-10-11,131.78,7,51.49,Consumer,
33214727_c0077,"Dec 29, 2024",120.62,2,99.05,Consumer,
33214727_c0078,17/04/2025,113.06,4,0,Consumer,
33214727_c0079,2025-03-22,196.32,8,226.01,Consumer,
33214727_c0080,2025-08-25,55.63,2,0,Consumer,returned
33214727_c0081,18/03/2025,212.03,4,,Consumer,
33214727_c0082,12/03/2025,193.6,7,145.69,Consumer,
33214727_c0083,2025-10-23,20.32,2,111.47,Consumer,
33214727_c0084,29/11/2024,53.52,3,70.02,SMB,
33214727_c0085,10/03/2025,249.28,4,217.19,Consumer,
33214727_c0086,2024-09-26,93.98,3,0,Consumer,contacted
33214727_c0087,25/06/2025,273,3,100.24,Consumer,
33214727_c0088,2025-06-21,75.53,7,0,Consumer,
33214727_c0089,2025-07-07,122.04,2,126.05,Consumer,contacted
33214727_c0090,2025-01-19,33.8,2,38.8,Enterprise,
33214727_c0091,,0.73,2,7.93,Consumer,
33214727_c0092,2025-03-01,221.03,9,90.32,Consumer,
33214727_c0093,2025-03-06,247,6,139.98,Enterprise,
33214727_c0094,2025-08-12,48.68,1,0,Consumer,
33214727_c0095,27/09/2024,136.02,5,,Consumer,
33214727_c0096,"Sep 14, 2024",183.61,4,178.01,Consumer,
33214727_c0097,21/09/2024,85.61,1,89.39,SMB,
33214727_c0098,2025-09-13,179.91,11,77.21,SMB,contacted
33214727_c0099,22/12/2025,249.17,9,253.59,Consumer,
33214727_c0100,"Jun 10, 2025",228.39,7,159.14,Consumer,contacted
33214727_c0101,24/06/2025,214.81,11,167.28,SMB,
33214727_c0102,"Dec 26, 2024",282.2,10,156.9,Consumer,returned
33214727_c0103,02/02/2025,120.13,4,126.8,SMB,returned
33214727_c0104,04/09/2025,282.07,2,178.87,Consumer,contacted
33214727_c0105,2025-02-08,85.23,4,96.99,SMB,contacted
33214727_c0106,2025-05-16,241.27,5,95.96,SMB,N/A
33214727_c0107,06/11/2024,101.41,2,97.2,SMB,
33214727_c0108,2025-11-30,254.1,7,179.54,Consumer,contacted
33214727_c0109,2024-11-02,275.5,10,,Enterprise,
33214727_c0110,2025-07-10,48.58,2,57.88,SMB,
33214727_c0111,"Jan 29, 2026",265.23,7,180.59,SMB,
33214727_c0112,2025-09-04,108.59,5,22.26,Consumer,returned
33214727_c0113,2025-02-07,63.76,8,,Consumer,contacted
33214727_c0114,2025-04-11,157.77,11,270.7,Consumer,returned
33214727_c0115,2024-11-20,88.58,6,17.4,Consumer,
33214727_c0116,"Nov 27, 2024",163.78,5,59.22,Consumer,
33214727_c0117,2025-11-25,211.99,5,,Enterprise,contacted
33214727_c0118,2024-11-07,259.59,3,130.66,Consumer,
33214727_c0119,2025-04-10,98.12,5,60.11,Consumer,contacted
33214727_c0120,2024-12-18,83.31,4,87.24,Consumer,contacted
33214727_c0121,2025-12-15,81.35,4,0.06,Enterprise,
33214727_c0122,,226.6,2,157.97,Consumer,
33214727_c0123,2024-11-12,129.91,8,117.43,Consumer,
33214727_c0124,"Feb 11, 2025",17.82,3,47.46,Consumer,
33214727_c0125,2025-02-15,120.83,4,0,SMB,
33214727_c0126,2025-08-18,56.1,3,0,SMB,
33214727_c0127,2025-03-25,49.74,3,91.73,Consumer,
33214727_c0128,2025-11-17,120.13,8,18.33,Consumer,N/A
33214727_c0129,2025-08-03,40.39,6,133.8,SMB,
33214727_c0130,2025-08-26,112.17,3,88.49,Consumer,
33214727_c0131,"Jan 19, 2025",82.91,5,92.54,SMB,
33214727_c0132,2025-11-29,123.63,7,48.59,Enterprise,
33214727_c0133,2026-01-13,15.16,2,,Consumer,no response
33214727_c0134,N/A,36.2,5,42.66,SMB,
33214727_c0135,2025-04-21,76.67,4,62.7,Consumer,N/A
33214727_c0136,"Sep 17, 2025",94.28,6,115.62,SMB,
33214727_c0137,28/01/2025,93.27,2,0,Consumer,
33214727_c0138,"Oct 24, 2024",161.01,9,143.22,Consumer,
33214727_c0139,2025-01-07,43.9,1,26.1,Consumer,
33214727_c0140,2025-08-11,260.26,6,132.74,Enterprise,returned
33214727_c0141,N/A,96,1,39.44,Consumer,
33214727_c0142,2025-05-23,84.17,4,51.44,Enterprise,
33214727_c0143,05/09/2025,24.23,2,,SMB,contacted
33214727_c0144,2026-01-06,91.07,4,90.64,Consumer,
33214727_c0145,2025-03-06,155.53,4,115.1,Consumer,
33214727_c0146,,170.87,4,146.97,Consumer,
33214727_c0147,"Mar 01, 2025",17.95,2,,Consumer,
33214727_c0148,2024-11-23,93.63,9,48.17,Consumer,
33214727_c0149,2024-11-13,98.08,3,44.52,Consumer,N/A
33214727_c0150,"Jul 09, 2025",205.19,5,107.44,Consumer,
